filename,label
audio_0.wav,3.7175
audio_1.wav,2.5246
audio_2.wav,2.7389
audio_3.wav,2.5988
audio_4.wav,3.7395
audio_5.wav,2.4838
audio_6.wav,3.7192
audio_7.wav,2.894
audio_8.wav,2.2083
audio_9.wav,2.3539
audio_10.wav,3.2383
audio_11.wav,3.1888
audio_12.wav,2.6013
audio_13.wav,2.7123
audio_14.wav,3.6871
audio_15.wav,2.6537
audio_16.wav,2.9776
audio_17.wav,2.5427
audio_18.wav,3.4743
audio_19.wav,4.5828
audio_20.wav,2.7372
audio_21.wav,2.2635
audio_22.wav,2.9054
audio_23.wav,4.0143
audio_24.wav,2.5114
audio_25.wav,4.4175
audio_26.wav,3.1903
audio_27.wav,3.0589
audio_28.wav,2.6203
audio_29.wav,2.964
audio_30.wav,3.5146
audio_31.wav,4.0984
audio_32.wav,3.6381
audio_33.wav,3.3396
audio_34.wav,3.2682
audio_35.wav,3.6665
audio_36.wav,4.2843
audio_37.wav,4.1242
audio_38.wav,3.3344
audio_39.wav,3.3575
audio_40.wav,3.5248
audio_41.wav,4.1171
audio_42.wav,3.1977
audio_43.wav,4.7714
audio_44.wav,3.2105
audio_45.wav,4.7982
audio_46.wav,4.96
audio_47.wav,3.3751
audio_48.wav,3.9262
audio_49.wav,4.3934
audio_50.wav,4.2393
audio_51.wav,2.68
audio_52.wav,3.0787
audio_53.wav,2.8797
audio_54.wav,2.749
audio_55.wav,2.8211
audio_56.wav,3.2292
audio_57.wav,3.4218
audio_58.wav,2.922
audio_59.wav,3.1064
audio_60.wav,2.8604
audio_61.wav,2.5851
audio_62.wav,3.8233
audio_63.wav,3.0571
audio_64.wav,2.7513
audio_65.wav,2.7698
audio_66.wav,2.2173
audio_67.wav,3.9225
audio_68.wav,4.7032
audio_69.wav,4.5784
audio_70.wav,4.6511
audio_71.wav,3.5664
audio_72.wav,4.722
audio_73.wav,4.4663
audio_74.wav,4.5145
audio_75.wav,4.5967
audio_76.wav,4.6061
audio_77.wav,4.7589
audio_78.wav,4.7421
audio_79.wav,3.1432
audio_80.wav,2.8892
audio_81.wav,3.9713
audio_82.wav,4.2651
audio_83.wav,4.3851
audio_84.wav,4.4338
audio_85.wav,4.4833
audio_86.wav,4.5382
audio_87.wav,4.1941
audio_88.wav,3.9721
audio_89.wav,3.9752
audio_90.wav,3.4196
audio_91.wav,3.4727
audio_92.wav,3.3254
audio_93.wav,3.4354
audio_94.wav,2.8134
audio_95.wav,3.3537
audio_96.wav,3.0872
audio_97.wav,3.1138
audio_98.wav,3.2138
audio_99.wav,3.1672
audio_100.wav,3.2498
audio_101.wav,2.7994
audio_102.wav,4.0131
audio_103.wav,3.1869
audio_104.wav,2.4318
audio_105.wav,3.5359
audio_106.wav,2.5077
audio_107.wav,2.9865
audio_108.wav,2.4881
audio_109.wav,2.3381
audio_110.wav,4.5713
audio_111.wav,2.7847
audio_112.wav,3.0988
audio_113.wav,3.0051
audio_114.wav,2.2398
audio_115.wav,2.9302
audio_116.wav,2.9123
audio_117.wav,4.2848
audio_118.wav,3.6921
audio_119.wav,3.6701
audio_120.wav,2.5918
audio_121.wav,2.8867
audio_122.wav,2.8921
audio_123.wav,3.2963
audio_124.wav,2.8072
audio_125.wav,3.521
audio_126.wav,2.5829
audio_127.wav,2.7465
audio_128.wav,3.0687
audio_129.wav,3.7474
audio_130.wav,2.1498
audio_131.wav,2.8962
audio_132.wav,2.9786
audio_133.wav,2.82
audio_134.wav,2.1241
audio_135.wav,3.8085
audio_136.wav,2.6898
audio_137.wav,4.0355
audio_138.wav,3.3296
audio_139.wav,3.0936
audio_140.wav,3.3151
audio_141.wav,2.9867
audio_142.wav,4.003
audio_143.wav,3.5914
audio_144.wav,2.9953
audio_145.wav,4.0894
audio_146.wav,2.5969
audio_147.wav,2.9657
audio_148.wav,2.8616
audio_149.wav,3.8206
audio_150.wav,2.932
audio_151.wav,3.2565
audio_152.wav,4.0385
audio_153.wav,3.368
audio_154.wav,3.4863
audio_155.wav,3.2804
audio_156.wav,3.7511
audio_157.wav,2.919
audio_158.wav,2.8856
audio_159.wav,2.7874
audio_160.wav,2.5929
audio_161.wav,3.1917
audio_162.wav,2.3509
audio_163.wav,3.2576
audio_164.wav,2.4098
audio_165.wav,2.7894
audio_166.wav,2.9427
audio_167.wav,2.4402
audio_168.wav,3.0011
audio_169.wav,3.5149
audio_170.wav,2.5631
audio_171.wav,2.692
audio_172.wav,2.6903
audio_173.wav,4.2149
audio_174.wav,3.5074
audio_175.wav,3.9301
audio_176.wav,2.854
audio_177.wav,2.6965
audio_178.wav,3.3306
audio_179.wav,2.3163
audio_180.wav,2.5725
audio_181.wav,2.6488
audio_182.wav,3.2648
audio_183.wav,2.9543
audio_184.wav,2.8962
audio_185.wav,3.879
audio_186.wav,2.5486
audio_187.wav,3.3156
audio_188.wav,3.3979
audio_189.wav,2.7201
audio_190.wav,3.0356
audio_191.wav,3.6291
audio_192.wav,2.7162
audio_193.wav,2.4673
audio_194.wav,3.0595
audio_195.wav,2.7848
audio_196.wav,2.35
audio_197.wav,3.3874
audio_198.wav,3.4037
audio_199.wav,2.468
audio_200.wav,3.2854
audio_201.wav,3.0591
audio_202.wav,2.9724
audio_203.wav,3.5684
audio_204.wav,3.1992
audio_205.wav,2.5136
audio_206.wav,2.57
audio_207.wav,2.4913
audio_208.wav,3.39
audio_209.wav,3.0782
audio_210.wav,3.0867
audio_211.wav,3.2435
audio_212.wav,2.7854
audio_213.wav,2.3296
audio_214.wav,3.1447
audio_215.wav,3.4535
